Model,Accuracy
Logistic Regression,0.5482456140350878
Random Forest (Tuned),0.5723684210526315
KNN (Tuned),0.5350877192982456
